[
  {
    "description": "Scalar members",
    "metadata": {
      "protocol": "json"
    },
    "shapes": {
      "OutputShape": {
        "type": "structure",
        "members": {
          "Str": {
            "shape": "StringType"
          },
          "Num": {
            "shape": "IntegerType"
          },
          "FalseBool": {
            "shape": "BooleanType"
          },
          "TrueBool": {
            "shape": "BooleanType"
          },
          "Float": {
            "shape": "FloatType"
          },
          "Double": {
            "shape": "DoubleType"
          },
          "Long": {
            "shape": "LongType"
          },
          "Char": {
            "shape": "CharType"
          }
        }
      },
      "StringType": {
        "type": "string"
      },
      "IntegerType": {
        "type": "integer"
      },
      "BooleanType": {
        "type": "boolean"
      },
      "FloatType": {
        "type": "float"
      },
      "DoubleType": {
        "type": "double"
      },
      "LongType": {
        "type": "long"
      },
      "CharType": {
        "type": "character"
      }
    },
    "cases": [
      {
        "given": {
          "output": {
            "shape": "OutputShape"
          },
          "name": "OperationName"
        },
        "result": {
          "Str": "myname",
          "Num": 123,
          "FalseBool": false,
          "TrueBool": true,
          "Float": 1.2,
          "Double": 1.3,
          "Long": 200,
          "Char": "a"
        },
        "response": {
          "status_code": 200,
          "headers": {},
          "body": "{\"Str\": \"myname\", \"Num\": 123, \"FalseBool\": false, \"TrueBool\": true, \"Float\": 1.2, \"Double\": 1.3, \"Long\": 200, \"Char\": \"a\"}"
        }
      }
    ]
  },
  {
    "description": "Blob members",
    "metadata": {
      "protocol": "json"
    },
    "shapes": {
      "OutputShape": {
        "type": "structure",
        "members": {
          "BlobMember": {
            "shape": "BlobType"
          },
          "StructMember": {
            "shape": "BlobContainer"
          }
        }
      },
      "BlobType": {
        "type": "blob"
      },
      "BlobContainer": {
        "type": "structure",
        "members": {
          "foo": {
            "shape": "BlobType"
          }
        }
      }
    },
    "cases": [
      {
        "given": {
          "output": {
            "shape": "OutputShape"
          },
          "name": "OperationName"
        },
        "result": {
          "BlobMember": "hi!",
          "StructMember": {
            "foo": "there!"
          }
        },
        "response": {
          "status_code": 200,
          "headers": {},
          "body": "{\"BlobMember\": \"aGkh\", \"StructMember\": {\"foo\": \"dGhlcmUh\"}}"
        }
      }
    ]
  },
  {
    "description": "Timestamp members",
    "metadata": {
      "protocol": "json",
      "timestampFormat": "iso8601"
    },
    "shapes": {
      "OutputShape": {
        "type": "structure",
        "members": {
          "TimeMember": {
            "shape": "TimeType"
          },
          "StructMember": {
            "shape": "TimeContainer"
          }
        }
      },
      "TimeType": {
        "type": "timestamp"
      },
      "TimeContainer": {
        "type": "structure",
        "members": {
          "foo": {
            "shape": "TimeType",
            "timestampFormat": "unixTimestamp"
          }
        }
      }
    },
    "cases": [
      {
        "given": {
          "output": {
            "shape": "OutputShape"
          },
          "name": "OperationName"
        },
        "result": {
          "TimeMember": 1398796238,
          "StructMember": {
            "foo": 1398796238
          }
        },
        "response": {
          "status_code": 200,
          "headers": {},
          "body": "{\"TimeMember\": \"2014-04-29T18:30:38Z\", \"StructMember\": {\"foo\": 1398796238}}"
        }
      }
    ]
  },
  {
    "description": "Lists",
    "metadata": {
      "protocol": "json"
    },
    "shapes": {
      "OutputShape": {
        "type": "structure",
        "members": {
          "ListMember": {
            "shape": "ListType"
          }
        }
      },
      "ListType": {
        "type": "list",
        "member": {
          "shape": "StringType"
        }
      },
      "StringType": {
        "type": "string"
      }
    },
    "cases": [
      {
        "given": {
          "output": {
            "shape": "OutputShape"
          },
          "name": "OperationName"
        },
        "result": {
          "ListMember": ["a", "b"]
        },
        "response": {
          "status_code": 200,
          "headers": {},
          "body": "{\"ListMember\": [\"a\", \"b\"]}"
        }
      }
    ]
  },
  {
    "description": "Maps",
    "metadata": {
      "protocol": "json"
    },
    "shapes": {
      "OutputShape": {
        "type": "structure",
        "members": {
          "MapMember": {
            "shape": "MapType"
          }
        }
      },
      "MapType": {
        "type": "map",
        "key": {
          "shape": "StringType"
        },
        "value": {
          "shape": "NumberList"
        }
      },
      "StringType": {
        "type": "string"
      },
      "NumberList": {
        "type": "list",
        "member": {
          "shape": "IntegerType"
        }
      },
      "IntegerType": {
        "type": "integer"
      }
    },
    "cases": [
      {
        "given": {
          "output": {
            "shape": "OutputShape"
          },
          "name": "OperationName"
        },
        "result": {
          "MapMember": {
            "a": [1, 2],
            "b": [3, 4]
          }
        },
        "response": {
          "status_code": 200,
          "headers": {},
          "body": "{\"MapMember\": {\"a\": [1, 2], \"b\": [3, 4]}}"
        }
      }
    ]
  },
  {
    "description": "Ignores extra data",
    "metadata": {
      "protocol": "json"
    },
    "shapes": {
      "OutputShape": {
        "type": "structure",
        "members": {
          "StrType": {
            "shape": "StrType"
          }
        }
      },
      "StrType": {
        "type": "string"
      }
    },
    "cases": [
      {
        "given": {
          "output": {
            "shape": "OutputShape"
          },
          "name": "OperationName"
        },
        "result": {},
        "response": {
          "status_code": 200,
          "headers": {},
          "body": "{\"foo\": \"bar\"}"
        }
      }
    ]
  }
]
