[
  {
    "description": "Scalar members",
    "metadata": {
      "protocol": "rest-xml"
    },
    "shapes": {
      "OutputShape": {
        "type": "structure",
        "members": {
          "ImaHeader": {
            "shape": "HeaderShape"
          },
          "ImaHeaderLocation": {
            "shape": "HeaderShape",
            "locationName": "X-Foo"
          },
          "Str": {
            "shape": "StringType"
          },
          "Num": {
            "shape": "IntegerType",
            "locationName": "FooNum"
          },
          "FalseBool": {
            "shape": "BooleanType"
          },
          "TrueBool": {
            "shape": "BooleanType"
          },
          "Float": {
            "shape": "FloatType"
          },
          "Double": {
            "shape": "DoubleType"
          },
          "Long": {
            "shape": "LongType"
          },
          "Char": {
            "shape": "CharType"
          }
        }
      },
      "StringType": {
        "type": "string"
      },
      "IntegerType": {
        "type": "integer"
      },
      "BooleanType": {
        "type": "boolean"
      },
      "FloatType": {
        "type": "float"
      },
      "DoubleType": {
        "type": "double"
      },
      "LongType": {
        "type": "long"
      },
      "CharType": {
        "type": "character"
      },
      "HeaderShape": {
        "type": "string",
        "location": "header"
      },
      "StatusShape": {
        "type": "integer",
        "location": "statusCode"
      }
    },
    "cases": [
      {
        "given": {
          "output": {
            "shape": "OutputShape"
          },
          "name": "OperationName"
        },
        "result": {
          "ImaHeader": "test",
          "ImaHeaderLocation": "abc",
          "Str": "myname",
          "Num": 123,
          "FalseBool": false,
          "TrueBool": true,
          "Float": 1.2,
          "Double": 1.3,
          "Long": 200,
          "Char": "a"
        },
        "response": {
          "status_code": 200,
          "headers": {
            "ImaHeader": "test",
            "X-Foo": "abc"
          },
          "body": "<OperationNameResponse><Str>myname</Str><FooNum>123</FooNum><FalseBool>false</FalseBool><TrueBool>true</TrueBool><Float>1.2</Float><Double>1.3</Double><Long>200</Long><Char>a</Char></OperationNameResponse>"
        }
      }
    ]
  },
  {
    "description": "Blob",
    "metadata": {
      "protocol": "rest-xml"
    },
    "shapes": {
      "OutputShape": {
        "type": "structure",
        "members": {
          "Blob": {
            "shape": "BlobType"
          }
        }
      },
      "BlobType": {
        "type": "blob"
      }
    },
    "cases": [
      {
        "given": {
          "output": {
            "shape": "OutputShape"
          },
          "name": "OperationName"
        },
        "result": {
          "Blob": "value"
        },
        "response": {
          "status_code": 200,
          "headers": {},
          "body": "<OperationNameResult><Blob>dmFsdWU=</Blob></OperationNameResult>"
        }
      }
    ]
  },
  {
    "description": "Lists",
    "metadata": {
      "protocol": "rest-xml"
    },
    "shapes": {
      "OutputShape": {
        "type": "structure",
        "members": {
          "ListMember": {
            "shape": "ListShape"
          }
        }
      },
      "ListShape": {
        "type": "list",
        "member": {
          "shape": "StringType"
        }
      },
      "StringType": {
        "type": "string"
      }
    },
    "cases": [
      {
        "given": {
          "output": {
            "shape": "OutputShape"
          },
          "name": "OperationName"
        },
        "result": {
          "ListMember": ["abc", "123"]
        },
        "response": {
          "status_code": 200,
          "headers": {},
          "body": "<OperationNameResult><ListMember><member>abc</member><member>123</member></ListMember></OperationNameResult>"
        }
      }
    ]
  },
  {
    "description": "List with custom member name",
    "metadata": {
      "protocol": "rest-xml"
    },
    "shapes": {
      "OutputShape": {
        "type": "structure",
        "members": {
          "ListMember": {
            "shape": "ListShape"
          }
        }
      },
      "ListShape": {
        "type": "list",
        "member": {
          "shape": "StringType",
          "locationName": "item"
        }
      },
      "StringType": {
        "type": "string"
      }
    },
    "cases": [
      {
        "given": {
          "output": {
            "shape": "OutputShape"
          },
          "name": "OperationName"
        },
        "result": {
          "ListMember": ["abc", "123"]
        },
        "response": {
          "status_code": 200,
          "headers": {},
          "body": "<OperationNameResult><ListMember><item>abc</item><item>123</item></ListMember></OperationNameResult>"
        }
      }
    ]
  },
  {
    "description": "Flattened List",
    "metadata": {
      "protocol": "rest-xml"
    },
    "shapes": {
      "OutputShape": {
        "type": "structure",
        "members": {
          "ListMember": {
            "shape": "StringList",
            "flattened": true
          }
        }
      },
      "StringList": {
        "type": "list",
        "member": {
          "shape": "StringType"
        }
      },
      "StringType": {
        "type": "string"
      }
    },
    "cases": [
      {
        "given": {
          "output": {
            "shape": "OutputShape"
          },
          "name": "OperationName"
        },
        "result": {
          "ListMember": ["abc", "123"]
        },
        "response": {
          "status_code": 200,
          "headers": {},
          "body": "<OperationNameResult><ListMember>abc</ListMember><ListMember>123</ListMember></OperationNameResult>"
        }
      }
    ]
  },
  {
    "description": "Normal map",
    "metadata": {
      "protocol": "rest-xml"
    },
    "shapes": {
      "OutputShape": {
        "type": "structure",
        "members": {
          "Map": {
            "shape": "StringMap"
          }
        }
      },
      "StringMap": {
        "type": "map",
        "key": {
          "shape": "StringType"
        },
        "value": {
          "shape": "SingleStructure"
        }
      },
      "SingleStructure": {
        "type": "structure",
        "members": {
          "foo": {
            "shape": "StringType"
          }
        }
      },
      "StringType": {
        "type": "string"
      }
    },
    "cases": [
      {
        "given": {
          "output": {
            "shape": "OutputShape"
          },
          "name": "OperationName"
        },
        "result": {
          "Map": {
            "qux": {
              "foo": "bar"
            },
            "baz": {
              "foo": "bam"
            }
          }
        },
        "response": {
          "status_code": 200,
          "headers": {},
          "body": "<OperationNameResult><Map><entry><key>qux</key><value><foo>bar</foo></value></entry><entry><key>baz</key><value><foo>bam</foo></value></entry></Map></OperationNameResult>"
        }
      }
    ]
  },
  {
    "description": "Flattened map",
    "metadata": {
      "protocol": "rest-xml"
    },
    "shapes": {
      "OutputShape": {
        "type": "structure",
        "members": {
          "Map": {
            "shape": "StringMap",
            "flattened": true
          }
        }
      },
      "StringMap": {
        "type": "map",
        "key": {
          "shape": "StringType"
        },
        "value": {
          "shape": "StringType"
        }
      },
      "StringType": {
        "type": "string"
      }
    },
    "cases": [
      {
        "given": {
          "output": {
            "shape": "OutputShape"
          },
          "name": "OperationName"
        },
        "result": {
          "Map": {
            "qux": "bar",
            "baz": "bam"
          }
        },
        "response": {
          "status_code": 200,
          "headers": {},
          "body": "<OperationNameResult><Map><key>qux</key><value>bar</value></Map><Map><key>baz</key><value>bam</value></Map></OperationNameResult>"
        }
      }
    ]
  },
  {
    "description": "Named map",
    "metadata": {
      "protocol": "rest-xml"
    },
    "shapes": {
      "OutputShape": {
        "type": "structure",
        "members": {
          "Map": {
            "shape": "StringMap"
          }
        }
      },
      "StringMap": {
        "type": "map",
        "key": {
          "shape": "StringType",
          "locationName": "foo"
        },
        "value": {
          "shape": "StringType",
          "locationName": "bar"
        }
      },
      "StringType": {
        "type": "string"
      }
    },
    "cases": [
      {
        "given": {
          "output": {
            "shape": "OutputShape"
          },
          "name": "OperationName"
        },
        "result": {
          "Map": {
            "qux": "bar",
            "baz": "bam"
          }
        },
        "response": {
          "status_code": 200,
          "headers": {},
          "body": "<OperationNameResult><Map><entry><foo>qux</foo><bar>bar</bar></entry><entry><foo>baz</foo><bar>bam</bar></entry></Map></OperationNameResult>"
        }
      }
    ]
  },
  {
    "description": "XML payload",
    "metadata": {
      "protocol": "rest-xml"
    },
    "shapes": {
      "OutputShape": {
        "type": "structure",
        "payload": "Data",
        "members": {
          "Header": {
            "shape": "StringType",
            "location": "header",
            "locationName": "X-Foo"
          },
          "Data": {
            "shape": "SingleStructure"
          }
        }
      },
      "StringType": {
        "type": "string"
      },
      "SingleStructure": {
        "type": "structure",
        "members": {
          "Foo": {
            "shape": "StringType"
          }
        }
      }
    },
    "cases": [
      {
        "given": {
          "output": {
            "shape": "OutputShape"
          },
          "name": "OperationName"
        },
        "result": {
          "Header": "baz",
          "Data": {
            "Foo": "abc"
          }
        },
        "response": {
          "status_code": 200,
          "headers": {
            "X-Foo": "baz"
          },
          "body": "<OperationNameResponse><Foo>abc</Foo></OperationNameResponse>"
        }
      }
    ]
  },
  {
    "description": "Streaming payload",
    "metadata": {
      "protocol": "rest-xml"
    },
    "shapes": {
      "OutputShape": {
        "type": "structure",
        "payload": "Stream",
        "members": {
          "Stream": {
            "shape": "BlobStream"
          }
        }
      },
      "BlobStream": {
        "type": "blob",
        "streaming": true
      }
    },
    "cases": [
      {
        "given": {
          "output": {
            "shape": "OutputShape"
          },
          "name": "OperationName"
        },
        "result": {
          "Stream": "abc"
        },
        "response": {
          "status_code": 200,
          "headers": {},
          "body": "abc"
        }
      }
    ]
  }
]
